label,home_odds,away_odds,fair_home,fair_away,line,home_goals,away_goals,league,kickoff,bookmaker,snapshots
Arsenal v Spurs,1.90,2.05,0.55,0.45,-0.5,2,0,EPL,2025-08-16T12:30,Pinnacle,
Chelsea v Everton,1.75,2.15,0.60,0.40,-1.0,1,1,EPL,2025-08-16T15:00,Bet365,
Liverpool v Wolves,1.55,2.55,0.68,0.32,-1.5,3,1,EPL,2025-08-17T14:00,Pinnacle,
Newcastle v Brentford,1.80,2.10,0.56,0.44,-0.25,1,1,EPL,2025-08-17T16:30,Bet365,
Villa v City,2.60,1.52,0.42,0.58,0.5,1,1,EPL,2025-08-23T12:30,Bet365,0:2.60:1.52|60:2.50:1.56|120:2.38:1.60
Fulham v Palace,2.00,1.90,0.48,0.52,0.0,0,2,EPL,2025-08-23T15:00,Pinnacle,
Brighton v West Ham,1.95,1.98,0.46,0.54,0.25,0,0,EPL,2025-08-24T14:00,Pinnacle,
Leeds v Forest,1.68,2.25,0.64,0.36,-0.75,2,1,EPL,2025-08-24T16:30,Bet365,
Bournemouth v Burnley,1.45,2.90,0.725,0.275,-1.0,0,0,EPL,2025-08-30T15:00,Pinnacle,
Spurs v Man Utd,2.10,1.85,0.50,0.50,0.5,3,1,EPL,2025-08-30T17:30,Bet365,
Everton v Wolves,1.85,2.10,0.565,0.435,-0.5,0,1,EPL,2025-08-31T14:00,Pinnacle,0:1.85:2.10|60:1.92:2.02|120:2.00:1.95
Palace v Brentford,2.35,1.70,0.46,0.54,-0.25,0,1,EPL,2025-08-31T16:30,Bet365,
Wolves v Fulham,1.72,2.20,0.50,0.50,0.0,2,1,EPL,2025-09-13T15:00,Pinnacle,
